owner_id,full_name,passport_series,passport_number,passport_issued_by,address,phone,email
1,Козлова Ирина Ефимовна,2824,126225,АО «Чернова Ершов»,"г. Артем, алл. Лесозаводская, д. 983, 379402",8 542 351 16 15,ernest_40@example.net
2,Владилен Матвеевич Федоров,5506,356787,Сафонов Лимитед,"клх Братск, бул. Курский, д. 2, 164752",8 534 192 8327,opotapov@example.net
3,Зимина Лидия Аркадьевна,4657,246316,ОАО «Голубев Калашникова»,"к. Бологое, пер. Островского, д. 77, 242388",+79696532871,samolovavalerija@example.org
4,Вишнякова Наталья Эльдаровна,2679,809570,НПО «Фадеев»,"д. Александров Гай, бул. Донской, д. 6 стр. 346, 048281",+78932528809,selivan_01@example.com
5,Ксения Егоровна Павлова,9935,191161,ЗАО «Фомичева Яковлев»,"ст. Боровск, ш. Кедровое, д. 97 стр. 94, 383465",8 (871) 331-50-98,haritonpoljakov@example.org
6,Евдокимов Аристарх Давыдович,7912,133326,РАО «Кононова»,"д. Когалым, бул. Вахитова, д. 38 к. 4/8, 311656",8 701 065 13 33,prohor_1979@example.com
7,Суворов Ипат Артемьевич,1488,198246,"ОАО «Дементьева, Зиновьева и Ильина»","клх Ульяновск, ул. Азовская, д. 86, 360260",8 474 687 23 43,savinasofija@example.org
8,Анастасия Альбертовна Логинова,4582,343962,"ЗАО «Самойлова, Артемьева и Михайлова»","д. Валдай, ул. Профсоюзная, д. 26, 990916",89854353462,ratmir51@example.org
9,Феоктист Бориславович Богданов,9279,731262,Котов Лтд,"к. Боровск, наб. Балтийская, д. 97, 980841",+7 (411) 824-49-35,kapitonseleznev@example.com
10,Антонин Бенедиктович Калашников,1434,688508,"ОАО «Жданов, Беляев и Иванов»","клх Кузнецк, бул. Щербакова, д. 9/1, 128059",8 (262) 045-0533,kazakovfedot@example.com
11,Виктория Егоровна Князева,4257,850800,ОАО «Юдина Казаков»,"п. Назрань, ш. Новгородское, д. 3 к. 860, 375433",+7 365 414 5868,alekse_14@example.org
12,Белоусова Александра Борисовна,9928,539898,Беспалов и партнеры,"д. Тихорецк, пр. Окружной, д. 1, 088356",+7 595 148 46 56,fade23@example.com
13,Щербакова Дарья Юрьевна,4611,571029,Елисеев Групп,"к. Касимов, ш. Космонавтов, д. 8/8 к. 88, 148951",+7 (433) 200-3791,pavel2012@example.net
14,Игнатов Нестор Эдгарович,5557,948749,"АО «Анисимов, Миронова и Власова»","ст. Рославль, алл. Металлистов, д. 283, 278895",8 (986) 872-77-43,tamara87@example.net
15,Быков Бажен Ермилович,1106,895667,ИП «Агафонов Кабанов»,"п. Киров (Вятка), бул. Амурский, д. 71 к. 6/9, 603669",+7 967 054 6688,sevastjanpoljakov@example.com
16,Алексей Терентьевич Ширяев,3615,832052,А Групп,"п. Юрьевец (Иван.), ул. Льва Толстого, д. 316 стр. 3/1, 653755",8 464 170 80 53,guljaevandron@example.org
17,Евпраксия Архиповна Ефремова,7924,456778,АО «Максимов Блохин»,"с. Красноуральск, алл. Донская, д. 24 к. 749, 319314",81905865185,jakushevanaina@example.com
18,Кондратьев Митофан Фокич,5552,263032,Госкорпорация по ОрВД,"клх Троицк (Челяб.), наб. Леваневского, д. 7/5 стр. 4, 473799",8 507 527 35 45,eduard48@example.org
19,Пономарева Анжелика Егоровна,4527,900581,Зара СНГ (Zara),"клх Сортавала, бул. Папанина, д. 1/2 стр. 4, 349578",8 (568) 557-4443,molchanovevdokim@example.com
20,Беляков Доброслав Георгиевич,6514,207175,ООО «Меркушев Жданов»,"ст. Калязин, алл. Ватутина, д. 14 к. 14, 842710",84777520471,vlasovseliverst@example.org
21,Зимина Алла Владиславовна,2519,498382,ОАО «Алексеева Русакова»,"п. Глазов, ш. Баумана, д. 78 стр. 8/5, 499091",+7 (341) 232-8120,smjasnikov@example.net
22,Амос Даниилович Дмитриев,2584,476417,Санофи Россия (Sanofi),"клх Кировск (Ленин.), ш. Ивановское, д. 2/9 к. 52, 102499",+77174648877,moiseevandron@example.com
23,Елисеева Зоя Алексеевна,6635,733052,АО «Блохина»,"д. Бавлы, пр. Щербакова, д. 3, 717565",8 125 674 6807,veselovippolit@example.com
24,Мамонтов Олимпий Якубович,5333,946335,ООО «Фадеева»,"г. Калач, наб. ДОС, д. 1/4 стр. 9, 477109",+7 (248) 086-1317,judingerasim@example.com
25,Кира Степановна Крюкова,1711,865179,НПО «Шубина-Меркушев»,"с. Усть-Илимск, пр. Орловский, д. 51, 584044",89727875588,usisoev@example.org
26,Жанна Филипповна Блинова,8527,662275,ОАО «Игнатьева Бирюков»,"клх Соловки, ш. Революции, д. 3/8 стр. 628, 718702",8 217 459 61 58,uteterina@example.net
27,Мишина Пелагея Тимофеевна,3045,496922,ЗАО «Кудрявцев»,"п. Верхотурье, ул. Сиреневая, д. 3/5 к. 105, 556238",8 922 219 69 37,elizavetasuvorova@example.net
28,Ираклий Августович Мясников,2291,678856,"ИП «Мельникова, Андреева и Веселов»","к. Черусти, бул. Новостройка, д. 8 к. 4, 713695",84406409097,fekla39@example.com
29,Пономарев Якуб Димитриевич,5803,969693,Мираторг,"к. Сарапул, пер. Радищева, д. 51, 623285",8 (842) 474-5171,elenasamolova@example.net
30,Афанасьева Тамара Михайловна,6925,705397,ОАО «Вишняков»,"д. Горячинск, наб. Васильковая, д. 6/2 к. 17, 931746",+7 200 471 13 82,xburov@example.net
31,София Николаевна Сафонова,4150,838797,ОХК Уралхим,"ст. Сургут (Хант.), пр. Заливный, д. 853 стр. 4/6, 585064",+7 (171) 390-0532,arhipnikonov@example.net
32,Рябов Игорь Игнатович,2139,148050,ОАО «Шарапова Рябова»,"ст. Долинск, пер. Сплавный, д. 11, 053950",+7 (402) 681-17-75,hristofor_1977@example.com
33,Блохина Эмилия Аскольдовна,4733,910620,Нижфарм (Nidda Midco),"клх Архангельск, пр. Короленко, д. 2/8, 115921",+7 (499) 856-98-47,ernest_1999@example.org
34,Валерия Тимуровна Молчанова,5741,183667,НПО «Лихачев Лаврентьева»,"к. Серафимович, пр. Кубанский, д. 7 к. 5, 271111",8 152 809 88 51,qrogov@example.com
35,Алла Ильинична Моисеева,4814,205907,ИП «Никитин-Борисова»,"клх Старая Русса, ш. Олимпийское, д. 9, 149368",89809402445,averjan_22@example.net
36,Виноградова Вероника Алексеевна,7227,391476,ООО «Михайлова»,"с. Серафимович, алл. Павлова, д. 6 к. 302, 147679",8 (643) 815-61-49,stepan2015@example.com
37,Афанасьев Эммануил Антонович,8428,766563,АО «Елисеев»,"ст. Краснотурьинск, наб. Виноградная, д. 376 к. 96, 885160",8 071 596 96 64,maslovadrian@example.com
38,Блохин Ян Фокич,6977,270555,Русэнергоресурс,"ст. Воскресенск, пр. Юности, д. 664, 521818",8 (355) 231-2432,anzhelaborisova@example.net
39,тов. Федосеев Феофан Захарьевич,7065,472528,ФГ Будущее,"г. Соболево, бул. Лермонтова, д. 1 к. 9, 477005",+71199867980,filimon2014@example.org
40,Савелий Юлианович Алексеев,4432,802729,НПО «Ершов»,"д. Змеиногорск, алл. Бабушкина, д. 9/9, 554665",80515186449,lorafedorova@example.net
41,Фомичева Любовь Константиновна,5374,835911,Сибирская горно-металлургическая компания,"к. Устюжна, бул. Урицкого, д. 28 к. 9/6, 542357",+7 (322) 141-8880,tamara_92@example.net
42,Гремислав Гавриилович Никонов,2169,738720,Славянск Эко,"с. Ноглики, бул. Ручейный, д. 5/8 стр. 48, 735977",+76886239240,moke2007@example.org
43,Михеева Варвара Ильинична,3803,660086,ОАО «Марков»,"д. Домодедово, ул. Минская, д. 6/1 к. 1/7, 361530",8 152 204 7277,lihachevaanzhelika@example.org
44,Геннадий Федосьевич Макаров,5010,271339,АО «Елисеев-Николаев»,"с. Юрьевец (Иван.), ул. Заозерная, д. 9/1 к. 52, 095396",+7 (185) 188-88-80,emamontova@example.org
45,Давыдова Зоя Архиповна,8573,497887,ОАО «Кузьмин-Пахомов»,"ст. Черемхово, ш. Буденного, д. 60 стр. 3, 722170",+73030548687,anatoli34@example.com
46,Алла Леоновна Дорофеева,5422,771088,ОАО «Зиновьев»,"клх Саранск, наб. Техническая, д. 8/6 к. 2, 169284",8 115 447 9627,prokofi_05@example.net
47,тов. Кабанова Анастасия Анатольевна,4598,817870,Приосколье,"г. Дно, бул. Бабушкина, д. 421 стр. 6, 909275",8 719 285 6543,kozlovdorofe@example.com
48,Сысоева Тамара Васильевна,6313,983794,ОАО «Галкин-Горбунова»,"д. Лотошино, пр. Крымский, д. 821 стр. 27, 518844",+7 (258) 313-23-70,fade_95@example.com
49,Таисия Владимировна Костина,1916,340174,РАО «Орехов»,"д. Приморско-Ахтарск, ш. Уральское, д. 25 к. 8/9, 289226",8 (018) 242-2535,kondrati_1975@example.com
50,Пестов Устин Елизарович,1525,944151,ООО «Кошелев Максимова»,"д. Челябинск, алл. Энтузиастов, д. 101, 396907",8 (447) 364-7102,pavel2002@example.com
51,Кошелев Гаврила Жанович,6168,520651,Государственная транспортная лизинговая компания,"п. Обнинск, пер. Веселый, д. 4 стр. 2/5, 321046",86325953278,sigizmund1990@example.com
52,Фокин Никодим Юльевич,5386,169403,"АО «Горбунов, Пономарева и Крюков»","к. Тавда, ш. Чайкиной, д. 9 стр. 316, 565060",88358416878,jaropolk91@example.org
53,Марфа Максимовна Евсеева,4456,694731,ЗАО «Мясникова-Гурьев»,"д. Тимашевск, пер. Дорожный, д. 602 к. 9/8, 982595",+7 (694) 958-88-79,saveli05@example.com
54,Аксенова Фаина Константиновна,6155,322955,Северсталь,"клх Чегем, алл. Больничная, д. 3/9 стр. 3/4, 913075",8 263 689 70 28,feliksbolshakov@example.net
55,Назар Жанович Пестов,9179,514850,НПО «Якушева Беляева»,"клх Кулунда, пр. Хуторской, д. 94 стр. 4, 437575",8 (441) 986-6524,dmitrievaanzhelika@example.com
56,Зоя Романовна Соболева,8517,249811,ОАО «Комарова Потапов»,"г. Энгельс, пер. Ставропольский, д. 90 стр. 13, 657120",8 (267) 734-5401,tvorimirgrishin@example.net
57,Александра Вячеславовна Аксенова,5339,246413,РАО «Игнатова Евсеев»,"клх Льгов, ул. Победы, д. 854, 287431",8 274 205 4932,blarionova@example.net
58,Олег Богданович Герасимов,5040,881177,НПО «Юдин Самсонова»,"к. Орел, пр. Черемуховый, д. 5, 453017",+72684145933,olgastepanova@example.com
59,Элеонора Максимовна Аксенова,9830,375504,171 Меридиан,"ст. Котлас, ш. Широкое, д. 9/6 стр. 191, 982258",8 (139) 718-70-72,pavel_2001@example.net
60,Суворов Леон Адамович,8019,711878,"ИП «Прохорова, Иванов и Копылова»","г. Ревда (Сверд.), бул. Вишневый, д. 117 к. 7, 265676",8 182 512 86 82,avdesimonov@example.org
61,Октябрина Тимофеевна Родионова,7543,479580,Мишин Инкорпорэйтед,"к. Елец, алл. Урожайная, д. 169 к. 23, 907903",+7 673 830 2843,florentin_95@example.org
62,Гаврила Гурьевич Тихонов,4593,245051,ИП «Ильин-Кудрявцева»,"д. Таганрог, наб. Революции, д. 7, 246287",+7 (342) 708-6688,marijanikolaeva@example.com
63,Юдин Богдан Филимонович,9348,617488,РАО «Белова-Воронова»,"к. Октябрьское (Хант.), пер. Вокзальный, д. 939 стр. 47, 403317",+7 (936) 385-4678,leon_45@example.net
64,Октябрина Болеславовна Брагина,2489,892495,Силовые машины,"к. Мичуринск, ул. Черноморская, д. 50 к. 5/3, 536937",8 (547) 772-5228,dobroslav2006@example.net
65,Светлана Антоновна Дьячкова,1771,214975,ОАО «Денисова»,"с. Джейрах, алл. Профсоюзная, д. 40 стр. 6/1, 700886",+7 084 840 8621,nazarovgennadi@example.org
66,Назаров Ипполит Ильич,3504,757924,ОАО «Евсеев-Яковлев»,"с. Хабаровск, бул. Космический, д. 2, 166687",+7 021 765 9180,erememjasnikov@example.net
67,Олимпиада Ивановна Соловьева,3621,930555,ООО «Уварова»,"п. Можга, алл. Средняя, д. 2/5, 939685",8 218 501 63 15,xsilina@example.com
68,Дорофеев Радим Эдгардович,7916,725380,ИП «Титова Лихачева»,"п. Черняховск, пр. Кольцевой, д. 4 стр. 314, 265511",+7 475 412 1267,fedor_2004@example.com
69,Беляев Мина Бенедиктович,2040,503457,Полякова и партнеры,"к. Псебай, ш. Промышленное, д. 99 к. 36, 444721",+7 (646) 471-54-37,ratmirkiselev@example.org
70,Николай Игнатьевич Одинцов,7252,724834,Мишин и партнеры,"с. Шадринск, наб. Ломоносова, д. 67, 654793",8 646 519 3982,aleksandr_2019@example.com
71,Евфросиния Павловна Лаврентьева,8668,654816,ОАО «Исакова-Кудрявцев»,"п. Яшкуль, алл. Калужская, д. 76 к. 879, 886805",8 (911) 352-9096,petr_10@example.org
72,Сократ Ярославович Наумов,5119,680099,Власова Лтд,"к. Павловская, ш. Громова, д. 15 к. 2/5, 112545",8 (387) 571-77-51,anike10@example.com
73,Ларионова Глафира Ефимовна,1188,813328,Шестаков Лтд,"д. Россошь, алл. Черемушки, д. 72 к. 1/4, 966033",+71918255371,darja78@example.net
74,Никанор Тимурович Сафонов,2876,814825,ИП «Крюков»,"ст. Макаров, пер. Промышленный, д. 25 стр. 24, 528669",+7 (966) 278-28-27,visheslav25@example.com
75,Князева Людмила Андреевна,9797,887352,"АО «Колесников, Лапина и Комиссаров»","клх Сухиничи, бул. Сурикова, д. 3/2 к. 134, 384279",8 (881) 914-85-80,trifon1984@example.com
76,Никонов Иосиф Ефимович,5371,905934,НПО «Назаров»,"с. Геленджик, алл. 60 лет Октября, д. 3/3, 309584",88254494812,dsamolova@example.com
77,Василиса Владимировна Крылова,6573,216970,ООО «Носков Федосеева»,"с. Дмитров, бул. Угольный, д. 7/8 стр. 916, 577590",+7 751 863 63 74,kondrati_58@example.net
78,Красильников Святослав Измаилович,5808,555884,Автотор холдинг,"клх Сибай, ул. Авиационная, д. 8/1, 324241",8 415 206 4361,smirnovermil@example.com
79,Капустин Зиновий Ярославович,3591,575763,ТД Ункомтех,"клх Нерчинск, ш. Челюскинцев, д. 27, 611155",+72622189092,mili2019@example.org
80,Алексеева Надежда Юрьевна,1053,857168,ТД Агроторг,"г. Дивногорск, пер. Серова, д. 7, 234138",89940438983,pkapustin@example.org
81,Жанна Святославовна Блинова,5315,624902,АО «Лебедева»,"к. Мокшан, пр. Фадеева, д. 9, 710910",+73006848666,kabanovterenti@example.net
82,Матвеева Анжелика Константиновна,3927,632342,ЗАО «Князева»,"д. Муром, пер. Песчаный, д. 7 к. 40, 617990",+72102027588,guri52@example.net
83,Ираида Васильевна Мамонтова,2743,755674,ИП «Кабанова»,"д. Богучар, бул. Магистральный, д. 8/9 к. 1, 925241",81380003075,jknjazeva@example.org
84,Александра Тимуровна Брагина,5889,982554,ГК Автодилерство,"п. Пушкино (Моск.), наб. Поперечная, д. 295 стр. 923, 617445",+7 870 534 94 93,modest2010@example.com
85,г-жа Гурьева София Ефимовна,9317,738551,РАО «Белозерова Зыков»,"д. Нефтекамск, ш. Зеленое, д. 1 стр. 5/2, 836702",+71038657191,vsevolod_2013@example.com
86,Ермаков Аркадий Феодосьевич,4258,260263,Яндекс,"к. Можга, бул. Энгельса, д. 8 к. 4, 329121",+7 (775) 618-53-74,kapiton1978@example.org
87,Зимин Лазарь Анатольевич,7126,899550,ОАО «Зиновьева Лапин»,"клх Кош-Агач, пр. Клубный, д. 5 к. 70, 883171",+7 (100) 323-65-19,afinogen01@example.org
88,Нинель Владимировна Тарасова,3646,665579,РАО «Михайлов-Бурова»,"п. Хужир, ш. Геологов, д. 1/7 к. 3/6, 244720",89934768701,nestor26@example.org
89,Лаврентьева Светлана Ефимовна,9689,100599,Сатурн-Р,"ст. Новороссийск, пер. Водников, д. 9 к. 7, 205930",+70785932133,tvorimir03@example.net
90,Мария Матвеевна Колобова,6310,612340,АО «Мухин Никитина»,"д. Армавир, бул. Есенина, д. 49 стр. 9/5, 701039",+7 (087) 059-3252,aristarh_02@example.net
91,Баранова Валерия Станиславовна,1319,217301,РАО «Дементьев-Горбунова»,"к. Махачкала, алл. Авиационная, д. 8/6 к. 68, 926442",+7 (096) 902-95-93,kolobovserge@example.org
92,Бажен Данилович Коновалов,6947,972064,АО «Анисимова-Евсеева»,"с. Александров Гай, алл. Ленская, д. 254 к. 806, 267658",8 179 327 10 40,kazimir_11@example.com
93,Мельников Гостомысл Артемьевич,6038,351083,Бурова Инк,"клх Архангельск, бул. Тракторный, д. 3/1 к. 453, 884443",+7 069 872 05 06,anisimovjaroslav@example.net
94,Валерий Адрианович Ершов,1949,352572,ООО «Логинов Сорокин»,"к. Пермь, пр. Кузнецкий, д. 386 к. 7, 270477",+73490211586,fadesemenov@example.com
95,Наина Тарасовна Зимина,2290,189814,"ЗАО «Устинова, Воронов и Селиверстов»","с. Асино, пер. Братский, д. 372 стр. 33, 616329",+75116868548,agap2023@example.net
96,Галкина Наина Вадимовна,8962,955662,"АО «Анисимов, Яковлева и Медведева»","д. Вологда, ш. Чайковского, д. 5/7 к. 8/1, 462996",+7 653 074 5054,kliment71@example.org
97,Туров Пров Захарьевич,2133,897549,ООО «Щукин-Жукова»,"с. Каспийск, бул. Водников, д. 1 к. 51, 289023",+7 (030) 705-3457,nikon_2013@example.org
98,Журавлева Маргарита Рудольфовна,9727,903035,Рожков Инкорпорэйтед,"к. Жуковский, бул. Революционный, д. 1 к. 1/3, 333468",+7 072 290 3494,panfil65@example.com
99,Рубен Ефимьевич Ларионов,3060,234628,Муравьева Лтд,"г. Тихорецк, ш. Грибоедова, д. 5 стр. 671, 544432",8 (309) 652-0744,ykornilov@example.net
100,Рогов Филимон Геннадиевич,8787,676510,ООО «Савельева-Зуев»,"д. Малгобек, ш. Байкальское, д. 2, 248251",+7 (534) 655-4947,voronovapollinari@example.net
101,Фокина Юлия Анатольевна,3705,377932,"АО «Козлова, Журавлев и Мишина»","с. Белореченск, алл. Путейская, д. 7, 252175",+7 (500) 743-29-27,titovjuri@example.com
102,Маслова Наталья Романовна,9645,736059,"РАО «Воробьев, Тарасова и Власов»","к. Тутаев, ул. Новая, д. 63, 216894",+7 (104) 478-98-56,lukijamjasnikova@example.com
103,Евгений Владленович Блохин,7932,322086,"РАО «Панов, Третьяков и Архипова»","клх Апатиты, пер. Краснодарский, д. 750 стр. 9, 901001",8 761 847 23 04,gkonovalova@example.net
104,Ефремова Элеонора Валентиновна,9835,891952,"ОАО «Бирюкова, Никитин и Соловьева»","г. Воскресенск, алл. Крымская, д. 9 к. 75, 208737",8 300 119 7218,vladimirovvarlaam@example.com
105,Панова Кира Захаровна,4295,847581,"РАО «Медведев, Кулагина и Шестаков»","к. Мичуринск, бул. Пограничный, д. 300 к. 65, 941552",+7 667 467 62 12,fokinagalina@example.org
106,Харлампий Харлампьевич Брагин,6107,518373,Щербакова Групп,"ст. Новороссийск, ул. Мельничная, д. 8/2 стр. 8/1, 450899",+7 (588) 916-3756,tamararozhkova@example.net
107,Носков Глеб Юльевич,7118,559381,"ОАО «Попова, Фадеева и Суханов»","к. Комсомольск-на-Амуре, наб. Березовая, д. 78 к. 4/2, 797177",8 170 166 0880,vishnjakovernest@example.net
108,Белозерова Раиса Федоровна,9479,573417,ООО «Громова Сысоев»,"ст. Белореченск, ш. Смирнова, д. 9, 571130",8 548 851 0272,qsobolev@example.net
109,Ковалев Никодим Григорьевич,2982,359947,"ОАО «Сафонова, Щербаков и Панова»","ст. Псков, бул. Волжский, д. 8/9, 708086",87829221699,silanti_66@example.net
110,Зинаида Игоревна Афанасьева,4681,167136,ИП «Лихачев-Калашникова»,"с. Шахты, бул. Горького, д. 9 стр. 43, 522885",+7 587 996 84 60,vatslav_1971@example.com
111,Агафонов Аполлон Германович,6539,122056,ОАО «Кириллова-Марков»,"п. Бирск, ш. Калинина, д. 18 стр. 8, 983863",8 (406) 665-8004,jakubbespalov@example.com
112,Маргарита Эдуардовна Некрасова,4770,717024,Магнолия,"к. Северодвинск, бул. Линейный, д. 92, 606484",+7 (294) 057-20-25,nosovaemilija@example.net
113,Филипп Ильясович Богданов,4608,107540,Билла (Rewe),"д. Борзя, алл. Карбышева, д. 2/6 стр. 63, 543987",8 (015) 739-9305,ykrasilnikova@example.org
114,Тимур Еремеевич Козлов,2163,842225,Харитонова и партнеры,"г. Майкоп, алл. Ломоносова, д. 912 стр. 413, 138612",+7 750 110 2481,isidorisakov@example.com
115,Онуфрий Феликсович Веселов,1964,340062,НПО «Фомина»,"клх Южно-Сахалинск, ш. Трудовое, д. 258, 491476",8 072 832 68 42,evpraksija50@example.net
116,Вероника Васильевна Волкова,2104,132938,ЗАО «Рябова»,"к. Касимов, бул. Чайковского, д. 96 стр. 32, 943129",+7 878 141 4139,maksimiljan1994@example.org
117,Фролова Антонина Ильинична,6413,174299,Кудрявцев Инкорпорэйтед,"с. Мыс Шмидта, бул. Фрунзе, д. 69 стр. 7, 053364",8 257 775 4781,eleonorafedorova@example.com
118,Вера Тарасовна Лазарева,9423,349565,ООО «Евсеева-Егорова»,"г. Терскол, ул. Черемушки, д. 90 стр. 9, 256394",+7 (788) 165-80-39,raisakudrjavtseva@example.com
119,Воронцов Феофан Виленович,5562,801474,РМ Рейл,"п. Сузун, ул. Путевая, д. 4, 385677",+7 051 844 9892,ysuhanova@example.com
120,Самсонова Анжела Семеновна,8953,324643,НПО «Лыткина-Дьячкова»,"к. Нефтегорск (Самар.), ш. Невского, д. 882 к. 23, 322259",+7 365 177 73 92,psolovev@example.org
121,Капустин Гостомысл Венедиктович,9834,238739,Ашинский металлургический завод,"г. Завьялиха, алл. Кольцова, д. 441 к. 8/8, 369292",88425799136,gbelousov@example.org
122,Самойлов Силантий Федосеевич,8744,354801,ЗАО «Григорьев Казаков»,"ст. Тутончаны, ш. Пригородное, д. 972 стр. 768, 086376",8 991 624 7314,osip_1987@example.org
123,Кононов Аверьян Валерианович,8749,946721,Попов Групп,"с. Новый Оскол, алл. Кузнецова, д. 5, 959463",8 887 258 87 44,fevronija_62@example.net
124,Данилов Прокофий Владиславович,7669,299659,АО «Волкова»,"ст. Усть-Джегута, бул. Интернациональный, д. 16 стр. 727, 143519",+7 669 849 0277,medvedevaregina@example.com
125,Шаров Эммануил Яковлевич,2545,201639,Гаврилова Инкорпорэйтед,"к. Коломна, ул. Авиационная, д. 646 стр. 7/4, 118489",8 543 937 6904,nadezhdaselezneva@example.org
126,Овчинникова Кира Львовна,8062,471507,ОАО «Васильева»,"клх Саров (Морд.), пер. Леваневского, д. 85 к. 1/8, 416335",8 588 043 41 65,zhdanovdenis@example.com
127,Ерофей Евстигнеевич Королев,7939,531071,Каргилл (Cargill),"п. Кондопога, алл. Курганная, д. 63 к. 21, 790807",8 957 947 2846,florentingusev@example.org
128,Родионова Ольга Тимофеевна,8651,864491,ЗАО «Шубин»,"с. Горно-Алтайск, пер. Бажова, д. 1 стр. 236, 594284",+7 (479) 552-7636,mihail_64@example.com
129,Титов Фирс Давыдович,1887,806073,ООО «Потапов»,"ст. Омск, алл. Кавказская, д. 1/3, 728857",+74890612034,agafja1976@example.com
130,Осипова Майя Михайловна,2612,163556,Кудрявцева и партнеры,"с. Городовиковск, ш. Выгонное, д. 64 к. 9, 716947",+7 (256) 996-11-25,longinfilippov@example.net
131,Карл Тихонович Дорофеев,7596,863587,"ОАО «Дементьева, Мясникова и Владимиров»","п. Йошкар-Ола, алл. Белорусская, д. 2, 261117",8 (006) 811-4921,oorehov@example.org
132,Зуева Василиса Владимировна,6559,939482,Филатова Инкорпорэйтед,"клх Новомосковск, ш. Металлургов, д. 9/5 к. 3/9, 997968",8 (457) 831-7456,german40@example.org
133,Мишина Вера Макаровна,2790,360735,НПО «Тарасова-Соколов»,"к. Алдан, ш. Гагарина, д. 90 к. 4, 866326",8 341 638 94 48,ostromir31@example.org
134,Макаров Ратибор Филимонович,4139,299448,ООО «Федотова-Иванова»,"г. Екатеринбург, пер. Рабочий, д. 51, 270312",+7 735 647 5705,odintsovgalaktion@example.org
135,Никифор Артёмович Некрасов,9786,570405,"АО «Блинов, Авдеева и Крюкова»","ст. Александровск, ш. Новгородское, д. 8/4, 371837",8 452 088 14 74,miroslavbelozerov@example.org
136,Екатерина Вадимовна Фролова,3296,542374,Юг Руси,"п. Кыштым, ул. Димитрова, д. 10 стр. 3/6, 327195",+7 052 812 7358,porfiri_30@example.net
137,Всеволод Димитриевич Мясников,4006,392075,НПО «Кудряшова»,"д. Сургут (Хант.), пер. Технический, д. 6, 498218",+7 (744) 857-08-62,orehovamaja@example.net
138,Молчанов Арсений Терентьевич,8579,361941,ЗАО «Колесникова Соколова»,"к. Поярково, наб. Заозерная, д. 181 стр. 12, 173109",8 789 940 53 91,teterinaevfrosinija@example.net
139,г-н Абрамов Аркадий Иосипович,2235,564656,Панфилова Групп,"ст. Югорск, пер. Дорожный, д. 441 к. 913, 338392",8 (861) 957-6122,oleg_2004@example.com
140,Лукина Фёкла Павловна,2604,153045,ИП «Ильина-Кулагин»,"ст. Яшкуль, ш. Шевченко, д. 99 к. 96, 577600",+79082404335,mamontovairina@example.net
141,Дроздова Ульяна Владиславовна,9856,976638,РАО «Русаков»,"п. Кунгур, пер. Ленский, д. 54 к. 496, 572791",84096105566,bespalovzosima@example.net
142,Елисеева Агафья Мироновна,1241,197793,ИП «Богданова»,"д. Хабаровск, наб. Р.Люксембург, д. 12, 799813",8 462 251 79 08,fnazarov@example.com
143,Носова Василиса Валентиновна,4872,274389,"ЗАО «Афанасьев, Туров и Вишняков»","п. Бронницы, ш. Парижской Коммуны, д. 2 к. 666, 355904",+7 (597) 927-03-35,anzhelikamakarova@example.net
144,Блохин Якуб Виленович,7658,609231,РАО «Зимин-Тихонова»,"с. Соликамск, наб. Санаторная, д. 93, 879206",88042043940,valerija1970@example.org
145,Касьян Иосипович Князев,8886,324130,РАО «Логинов»,"с. Тикси, ул. Куйбышева, д. 9/2 стр. 93, 800384",8 762 055 5438,arkadi46@example.org
146,Ирина Дмитриевна Алексеева,7570,161483,НПО «Ширяева-Егоров»,"д. Элиста, бул. Моховой, д. 4/3 стр. 5/6, 823298",+7 (248) 262-9251,tverdislav_2018@example.org
147,Дьячков Галактион Аксёнович,3697,497382,НПО «Блохина-Бирюков»,"клх Кызыл, ш. Енисейское, д. 122, 999393",+7 (051) 728-9752,eivanova@example.org
148,Цветков Амос Устинович,1035,509386,ИП «Стрелкова»,"клх Канск, ул. Тепличная, д. 8/6, 366096",8 699 988 0817,andronik1986@example.net
149,Зиновьева Алина Федоровна,5345,922157,"ЗАО «Жданова, Боброва и Блохина»","к. Саранск, наб. Февральская, д. 3/7 к. 1, 771812",88266570279,radovantarasov@example.com
150,Гремислав Валерьевич Тарасов,8454,399105,ООО «Мясников»,"д. Оренбург, ш. Большое, д. 9/7 стр. 325, 220644",8 (421) 230-94-07,sigizmund2006@example.org
151,Горшкова Жанна Даниловна,7930,830429,Александрова Групп,"с. Валаам, пер. Лесный, д. 58 стр. 30, 050209",84510162249,demjan_2000@example.net
152,Тетерина Александра Богдановна,8973,262316,ИП «Зиновьев-Зыкова»,"ст. Ростов, ул. Гагарина, д. 3/2 стр. 6, 833901",88179469548,vladislav_99@example.com
153,Евдокимова Полина Святославовна,4111,411120,ЗАО «Абрамов Быкова»,"г. Глазов, пр. Пригородный, д. 79, 055830",+7 (441) 448-8501,matve_69@example.net
154,Дарья Георгиевна Суханова,4566,161324,ООО «Кондратьев-Гордеева»,"клх Дербент, алл. Бажова, д. 8 к. 1/9, 958803",85512405682,mdavidov@example.org
155,Ксения Кузьминична Рогова,9883,163918,ИП «Шарапов»,"п. Обоянь, ш. Дружбы, д. 58 к. 61, 317807",8 (235) 784-5218,evfrosinijavladimirova@example.org
156,Станимир Валентинович Иванов,6138,159942,РАО «Афанасьева-Молчанова»,"с. Баргузин, пер. Труда, д. 494, 334485",8 (142) 241-09-88,ershovtit@example.com
157,Дорофеева Вероника Ильинична,1821,712554,Емельянов Инкорпорэйтед,"д. Находка, пр. Березовый, д. 80 стр. 116, 662997",85453817921,valeri2001@example.com
158,Рогова Октябрина Руслановна,8811,627276,АО «Дмитриев Кононова»,"с. Ишим, бул. Тургенева, д. 8 стр. 1/2, 157724",8 992 816 1581,tverdislav76@example.net
159,Якуб Демьянович Хохлов,9701,265080,НПО «Комиссаров Титов»,"ст. Чокурдах, ш. Демьяна Бедного, д. 9 к. 22, 199758",+7 724 619 19 65,anzhela2014@example.org
160,Зыков Вышеслав Ааронович,1931,632496,ООО «Петухов Лихачев»,"д. Чебоксары, алл. Высокая, д. 5 к. 7, 190986",+7 (405) 800-85-14,frolovanina@example.net
161,Исаева Лариса Мироновна,2312,992697,"НПО «Беспалов, Андреева и Родионов»","п. Калач, пр. Терешковой, д. 3/5 стр. 12, 027621",+7 (679) 692-78-68,nestor1994@example.org
162,Елисеев Аверьян Эдуардович,4044,171849,ММС Рус (Mitsubishi Motors),"д. Чебаркуль, ул. Почтовая, д. 6/2 к. 2/3, 781891",+7 (718) 949-0580,radovan2004@example.com
163,Суханова Наина Матвеевна,2113,808011,ИП «Миронов-Богданов»,"г. Ярославль, пер. Краснодарский, д. 149 к. 8, 281442",84440192927,demid_43@example.com
164,Лобанов Амос Измаилович,4853,523389,АО «Соболева»,"ст. Прохладный, алл. Щетинкина, д. 63 к. 141, 767478",+7 (667) 428-6047,ushcherbakova@example.net
165,Волкова Антонина Тарасовна,2964,697347,Ферреро Руссия (Ferrero),"к. Куртамыш, ш. Гражданское, д. 7 к. 4/4, 258001",+7 618 175 3443,kozlovajulija@example.org
166,Кириллов Ерофей Валерьевич,5033,707040,Т2 РТК Холдинг,"с. Ханты-Мансийск, ул. Воронежская, д. 5, 174654",+7 (140) 665-04-42,arhip2003@example.org
167,Борисова Пелагея Борисовна,1651,749468,ЗАО «Шилова Самойлов»,"с. Кропоткин (Краснод.), ул. Станционная, д. 894, 720064",+7 (569) 087-76-61,zinovi_1970@example.com
168,Ольга Васильевна Ермакова,2343,539589,Рожкова и партнеры,"с. Белоярский, бул. Революционный, д. 9 стр. 2, 432806",+7 (461) 571-7320,akimmolchanov@example.net
169,Колесников Арсений Ефремович,9565,431737,"ЗАО «Пестова, Шубина и Юдина»","г. Невельск, наб. Западная, д. 2/4, 829310",+7 (707) 903-20-20,valeri79@example.org
170,Ангелина Борисовна Андреева,5272,314181,"ЗАО «Ефремова, Сидорова и Быков»","с. Нарьян-Мар, бул. Короленко, д. 2 стр. 45, 925114",+7 (625) 827-39-02,vishnjakovjuli@example.com
171,Акулина Рудольфовна Федорова,6147,350280,РАО «Ефимов»,"с. Сортавала, алл. Ясная, д. 94 стр. 7/4, 909279",+7 456 083 31 81,sinklitikija_88@example.org
172,Ярослав Глебович Егоров,5351,515011,АО «Цветков»,"с. Игнашино, бул. Московский, д. 454, 459701",+7 822 078 1137,pankrat_35@example.org
173,Лидия Евгеньевна Комарова,3144,804318,ООО «Шарапов Фадеева»,"п. Бугульма, пер. Водников, д. 462 к. 3/7, 273543",8 209 042 1776,lukijapoljakova@example.com
174,Вишнякова Эмилия Викторовна,5915,579434,Силина Лтд,"с. Троицк (Челяб.), ш. Полтавское, д. 8/5 к. 463, 693929",+7 600 780 6867,savelevserafim@example.org
175,Ситников Агап Устинович,6180,888387,АО «Терентьев Капустин»,"г. Сочи, наб. Алтайская, д. 1/8 стр. 3/7, 570165",8 (046) 498-9319,nina_08@example.net
176,Антонин Брониславович Блинов,2188,109767,НПО «Осипова-Федоров»,"п. Устюжна, ул. Логовая, д. 45 стр. 479, 554864",+7 155 778 8178,kuzma_2000@example.net
177,Артемий Геннадиевич Рожков,8508,751332,"РАО «Сорокин, Шаров и Зыкова»","г. Вуктыл, наб. Боровая, д. 37, 804682",8 (567) 043-10-38,ostap_95@example.net
178,Большакова Пелагея Эдуардовна,2638,176819,Юг-Авто,"к. Хасавюрт, ш. Фрунзе, д. 44, 540254",8 (292) 842-22-23,volkovlukjan@example.net
179,Осипов Моисей Гаврилович,9808,323508,ЗАО «Быкова Виноградов»,"п. Объячево, пер. Тополиный, д. 2 к. 367, 520885",+77492975170,taisijaandreeva@example.com
180,Орехов Ефим Филатович,9288,378082,РАО «Лапин-Макаров»,"ст. Лабинск, ул. Народная, д. 2/9, 375998",+7 562 656 5045,leon_78@example.org
181,Белозеров Прокл Фёдорович,3170,465962,"ИП «Большаков, Калашникова и Архипова»","п. Черусти, ул. Средняя, д. 84 стр. 2, 106462",8 (792) 326-4870,foti47@example.net
182,Цветкова Алевтина Александровна,2127,356150,ИП «Моисеев Колобова»,"клх Луховицы, алл. Победа, д. 20 к. 8, 959796",+77158904290,larisasuvorova@example.net
183,Сорокин Аполлинарий Егорович,7054,398830,НПО «Анисимова-Сазонова»,"к. Люберцы, бул. Магистральный, д. 22 стр. 68, 445189",8 202 845 7652,rjabovgerman@example.net
184,Пономарев Федот Валентинович,3584,559469,"НПО «Гордеева, Степанов и Жуков»","с. Нижневартовск, бул. Гастелло, д. 97 к. 3, 013223",+72321611076,lazarevavalentina@example.org
185,Раиса Эдуардовна Семенова,9900,837715,"РАО «Одинцова, Селезнев и Беляев»","клх Александров, ш. Волжское, д. 49, 501249",8 528 938 9119,lobanovaekaterina@example.net
186,Бобров Данила Абрамович,5956,741390,Национальная компьютерная корпорация,"к. Чикола, пр. Загородный, д. 75, 383615",+7 718 275 48 01,semen_16@example.com
187,Леонтий Феофанович Цветков,9666,108203,Авдеев и партнеры,"ст. Братск, бул. Нахимова, д. 80 к. 967, 126691",+7 (153) 539-61-36,klavdi2022@example.net
188,Феврония Ивановна Симонова,5905,795613,Зерно-трейд,"клх Шелагонцы, пр. Медицинский, д. 27 к. 847, 201017",+7 269 524 9911,tamara_2003@example.com
189,Нестеров Сергей Эдгардович,2697,240814,Галкин Лтд,"ст. Архыз, ул. Пархоменко, д. 6/7 к. 8/1, 284276",+7 (467) 197-88-97,feliks1980@example.net
190,Белоусов Серафим Матвеевич,5333,221035,Мельникова и партнеры,"г. Армавир, ул. Раздольная, д. 6 стр. 256, 556503",+7 (349) 114-1520,ljubosmisl_1972@example.com
191,Родионова Татьяна Степановна,2753,878480,"ИП «Волков, Аксенова и Субботин»","с. Холмогоры, наб. Гражданская, д. 2/4 к. 8, 294563",8 (183) 440-49-63,terentevfoka@example.org
192,Дорофеева Ангелина Феликсовна,3546,385577,Селиверстов Групп,"ст. Бузулук, ш. Дружбы, д. 7 стр. 4, 649878",+7 (082) 973-74-89,krozhkova@example.net
193,Галкина Евпраксия Михайловна,5616,734210,"АО «Трофимов, Антонов и Михеева»","с. Морозовск, бул. Одесский, д. 5/5, 493631",+7 (303) 477-86-60,gordedorofeev@example.org
194,Вишняков Клавдий Вячеславович,4450,852470,МегаФон,"г. Великий Устюг, пер. Победы, д. 265 к. 3/4, 981898",+77139155963,jkudrjashov@example.org
195,Лыткин Кир Феоктистович,6617,313487,"ИП «Дементьева, Медведева и Макаров»","клх Гаврилов-Ям, пер. Олега Кошевого, д. 4/5 к. 85, 409003",+78645183760,qshashkova@example.com
196,Бирюков Измаил Ефимович,5325,629959,ОАО «Брагина Марков»,"ст. Плесецк, наб. Тихая, д. 8/7, 612481",8 698 570 0272,vlasovaevpraksija@example.net
197,Фирс Архипович Макаров,9004,363319,АО «Павлова Савельева»,"ст. Моршанск, пр. Запрудный, д. 3 к. 5, 165266",83008931734,allavlasova@example.net
198,Казимир Вилорович Беляев,1832,196781,АО «Фомичева-Яковлева»,"клх Тула, ш. Просвещения, д. 2/4 к. 53, 762639",+7 (436) 262-0443,ipat1995@example.net
199,Рыбакова Анжелика Андреевна,7939,969634,"АО «Комиссарова, Юдин и Лыткина»","клх Орел, пр. Таманский, д. 118 стр. 853, 990048",86465280924,praskovjagorshkova@example.com
200,Василиса Богдановна Филиппова,5533,146228,Нова,"к. Гдов, ул. Полярная, д. 5/6 к. 5/5, 856257",+7 (870) 320-32-07,gremislav76@example.org
201,тов. Волкова Нинель Матвеевна,1058,449759,Башкирэнерго,"с. Гаврилов-Ям, ш. Тенистое, д. 451 стр. 3, 849939",+7 892 613 7150,ekaterina16@example.com
202,Селиверстова Валентина Леонидовна,3143,768061,РАО «Сорокин Русаков»,"клх Курск, бул. Садовый, д. 1 стр. 6/3, 045018",86164236103,marijaguljaeva@example.com
203,Герасим Валерианович Петухов,5291,269430,"ОАО «Князев, Горшкова и Калашникова»","к. Владикавказ, пер. Крымский, д. 8/7 к. 5/7, 659266",+7 085 732 78 81,ruslan61@example.com
204,Владимир Ефимович Одинцов,8239,678478,ЗАО «Красильников Капустин»,"г. Токма, пер. Шмидта, д. 2/8, 549180",+7 722 601 64 59,regina2015@example.com
205,Белоусова Лукия Геннадиевна,8007,688153,АО «Яковлев Михеева»,"с. Тырныауз, ул. Геологов, д. 802, 697499",8 641 220 3103,nikitinaolga@example.net
206,Журавлев Поликарп Геннадиевич,1158,217308,ИП «Воронцова»,"с. Ребриха, ул. Ольховая, д. 87, 079334",86050166799,kornil_1972@example.com
207,Соломон Чеславович Жуков,2232,824586,ДНС Групп,"д. Моздок, ул. Флотская, д. 8/2 стр. 6/8, 024375",8 (383) 959-72-46,rpahomova@example.net
208,Евсеева Олимпиада Валериевна,3442,672092,Аксенов и партнеры,"п. Иваново, алл. Победа, д. 567, 380054",8 228 015 6193,shilovzahar@example.com
209,Матвей Ильич Комиссаров,1590,975136,ОАО «Гуляева»,"ст. Тольятти, бул. Крайний, д. 277 стр. 299, 812135",+7 (478) 712-55-21,porfirilitkin@example.com
210,Агата Ефимовна Щукина,7049,710805,"ИП «Дроздов, Морозова и Александров»","к. Псков, бул. Высоковольтный, д. 78 к. 72, 678507",+7 (081) 155-62-60,cpotapova@example.net
211,Виктория Филипповна Павлова,3426,550664,Петролеум Трейдинг,"с. Усть-Калманка, бул. Матросова, д. 1 к. 9, 673899",8 (563) 410-85-62,timur_1989@example.org
212,Жданов Леонтий Измаилович,3088,143860,Акрон,"ст. Улан-Удэ, наб. Тульская, д. 7 стр. 505, 101749",+7 753 998 9354,galina92@example.net
213,Иосиф Бориславович Большаков,6050,482364,Пономарева Инкорпорэйтед,"г. Домодедово, пр. Морозова, д. 710 стр. 47, 158698",8 (649) 767-7622,vladimir_2002@example.net
214,Соломон Валерианович Шубин,1653,475190,НПО «Блохин Голубев»,"г. Шахты, ул. Киевская, д. 5 к. 282, 454470",+7 (296) 044-32-70,hohlovmilen@example.org
215,Наина Романовна Дроздова,4441,815198,ЗАО «Лихачев-Бирюкова»,"с. Шерегеш, ш. Придорожное, д. 8/8, 519966",+7 (658) 074-1209,feliks18@example.org
216,Орехов Тит Антипович,5088,799330,Виноградова Инкорпорэйтед,"г. Тутончаны, ул. Прохладная, д. 83, 895690",8 (056) 260-85-64,andreevvalerjan@example.net
217,Баранов Добромысл Дмитриевич,2684,470858,АО «Горбачев»,"г. Эльтон, алл. Нагорная, д. 246 к. 3, 546103",+7 (993) 788-6140,rostislav_86@example.org
218,Орест Даниилович Сысоев,7658,750810,ИП «Титова»,"ст. Усть-Катав, ш. Кедровое, д. 7 стр. 2/9, 258238",8 870 079 42 00,kim2010@example.com
219,Марина Макаровна Одинцова,3532,348237,Вольво Восток (AB Volvo),"п. Тында, ул. Чкалова, д. 361 стр. 7, 985547",+73553795020,averki1970@example.net
220,Наумов Селиван Тимурович,3662,938742,Сорокин Лимитед,"ст. Саянск, ул. К.Маркса, д. 6/7 стр. 20, 537030",+75319433750,semen93@example.org
221,Бирюков Николай Брониславович,3900,532322,ЗАО «Козлова-Кузнецова»,"клх Ханты-Мансийск, бул. Ягодный, д. 292 стр. 44, 308948",8 (060) 566-41-87,mitofan2005@example.org
222,Елена Альбертовна Матвеева,1406,288073,"ЗАО «Самсонов, Евдокимов и Кузнецов»","к. Ведено, ш. Восточное, д. 26 стр. 33, 411076",+7 954 317 3505,izot_1974@example.net
223,Фадеева Антонина Петровна,6442,920391,Крылов Инк,"с. Мичуринск, ул. Полярная, д. 570 стр. 2/2, 804661",86399076769,shirjaevaleksandr@example.com
224,Сафонова Евдокия Борисовна,7745,941204,РАО «Соболева»,"д. Грозный, пер. Таманский, д. 7 стр. 8/3, 200249",8 854 982 27 49,kuzma_50@example.net
225,Ларионова Вероника Аркадьевна,5065,379766,ЗАО «Нестерова Шубина»,"к. Каменск-Уральский, бул. Проезжий, д. 853, 959959",+76521707303,rubenefremov@example.org
226,Зиновьев Максимильян Матвеевич,3608,925622,НПО «Фомин Муравьева»,"г. Бугульма, ул. Донская, д. 84 к. 69, 033423",+72583230241,nikonovavera@example.com
227,Доронина Валерия Львовна,2771,501124,ИП «Сысоев Архипов»,"клх Златоуст, ш. Блюхера, д. 312 стр. 93, 559630",89384253042,foti_2003@example.org
228,Шарова Олимпиада Юрьевна,1634,593554,АО «Волкова»,"с. Торжок, алл. Космонавтов, д. 9 к. 8/8, 969033",+7 (736) 346-6925,uljan12@example.org
229,Спартак Ильич Данилов,4644,309267,Михайлов Групп,"с. Снежинск, пр. Нахимова, д. 6/5 к. 1/3, 341514",8 (881) 431-1150,evstigne_1992@example.org
230,Максимова Клавдия Игоревна,8541,466643,ООО «Жукова Егоров»,"ст. Малая Вишера, ш. Новоселов, д. 7/1 к. 9/3, 333738",88775153663,radim2008@example.org
231,Флорентин Валерьянович Тимофеев,6000,960394,Магнит,"к. Кимры, пр. 50 лет ВЛКСМ, д. 6 к. 390, 599996",8 361 863 71 59,alla1990@example.org
232,Муравьев Фадей Вячеславович,4728,333752,ОАО «Власова»,"п. Камышин, пр. Дальневосточный, д. 53, 705802",8 662 128 6716,vladislavbespalov@example.org
233,Савелий Владиленович Елисеев,1387,792094,Мясникова и партнеры,"к. Каневская, алл. Подстанция, д. 469, 977790",+7 475 469 26 32,yfomichev@example.net
234,Ермаков Валентин Тимурович,4164,517821,Ростелеком,"к. Яр-Сале, наб. Ленинградская, д. 77 стр. 251, 672438",+7 701 765 6360,maksimovavalerija@example.net
235,Лидия Рубеновна Мартынова,6378,392136,"РАО «Сергеев, Ковалева и Ширяева»","п. Соликамск, ш. Алтайское, д. 20 к. 24, 210427",8 230 837 0816,prokl09@example.org
236,Мельников Егор Денисович,2137,910891,АО «Власов-Королев»,"г. Алексин, ш. Хуторское, д. 331 к. 70, 558393",8 (661) 331-5520,usuhanova@example.org
237,Ратмир Гурьевич Голубев,5573,468203,Банк Санкт-Петербург,"г. Кежма, наб. Тюленина, д. 389 к. 2, 625257",+7 509 976 83 89,zhukovaakulina@example.net
238,Варвара Константиновна Фролова,9346,519093,Касторама Рус (Castorama),"г. Джейрах, пр. Чапаева, д. 72 к. 40, 524508",8 403 553 38 03,juvenaliuvarov@example.com
239,Королева Нинель Александровна,9785,447235,ОАО «Иванова»,"г. Диксон, алл. Социалистическая, д. 99, 381674",+7 (336) 293-44-97,kimsamolov@example.com
240,Лыткин Мирослав Тихонович,1452,220944,"АО «Фокин, Бобылев и Сазонов»","ст. Старая Русса, ш. Революции, д. 2/5, 824674",8 (468) 971-52-73,evdokijaivanova@example.org
241,Маргарита Рудольфовна Маслова,5279,287241,"НПО «Силина, Панфилова и Дементьев»","к. Чехов, пр. Партизанский, д. 369, 645875",+7 663 370 5024,ekaterina1980@example.com
242,Фока Владиславович Попов,5349,140115,ОАО «Герасимов»,"клх Черский, пер. Севастопольский, д. 3/7, 488694",8 119 524 36 40,pelagejasmirnova@example.org
243,Игнатов Панкратий Фёдорович,2776,725550,Группа РТК,"п. Озеры, бул. Элеваторный, д. 37, 793230",+7 (346) 791-21-41,rkrilov@example.org
244,Фотий Данилович Архипов,8119,462479,"ООО «Некрасова, Медведев и Соколов»","ст. Алагир, пер. Дачный, д. 138 стр. 9/5, 759655",8 535 669 0551,panovamilitsa@example.net
245,Вера Алексеевна Елисеева,6139,557592,ОАО «Михайлова»,"к. Сеймчан, бул. Шишкина, д. 4/1 стр. 1, 057397",8 915 671 64 93,reginashashkova@example.net
246,Прасковья Антоновна Гусева,9379,221263,"ОАО «Захаров, Елисеев и Пахомова»","с. Гатчина, бул. Слободской, д. 33 к. 116, 564347",+7 287 153 99 15,tsazonova@example.net
247,Щербакова Тамара Оскаровна,7311,704596,АО «Михеев Жуков»,"г. Верхний Уфалей, бул. Енисейский, д. 395 к. 7, 409836",8 552 899 31 60,rodion_1991@example.org
248,Кира Дмитриевна Чернова,4114,367095,ВО ЖДТ России,"п. Асино, наб. Некрасова, д. 849 стр. 57, 052330",+7 (764) 208-65-67,regina_66@example.org
249,Боброва Ия Георгиевна,1727,843215,САМ-МБ,"п. Муравленко, ш. Трактовое, д. 8 стр. 39, 742333",+7 591 266 2015,denis1973@example.org
250,Лукия Эдуардовна Кудряшова,8144,101773,ООО «Абрамова Константинов»,"г. Комсомольск-на-Амуре, пр. Дружбы, д. 26 к. 7/5, 501111",8 (830) 999-74-19,marijatrofimova@example.net
251,Петухова Ульяна Владимировна,9518,945687,ИП «Гусев»,"ст. Андреаполь, пер. Восьмого Марта, д. 989 к. 331, 087510",+7 (932) 184-01-18,mihail82@example.com
252,Агата Ефимовна Петухова,9821,820221,ЗАО «Щукина»,"п. Чебаркуль, бул. Комарова, д. 9 к. 11, 032432",88395429618,kazimir62@example.com
253,Ираклий Федосьевич Субботин,4228,481913,Пепсико холдингс,"клх Курск, бул. Тупиковый, д. 9 стр. 36, 660931",+71818615155,galaktion34@example.org
254,Лыткин Ефрем Матвеевич,8066,173372,ОАО «Уварова»,"д. Мелеуз, ш. Пожарского, д. 585 стр. 2, 256258",8 (967) 924-0822,marinaermakova@example.net
255,Моисей Денисович Ларионов,6409,753425,Дьячков Лимитед,"с. Новгород Великий, пер. Лунный, д. 7 к. 24, 651113",+7 290 148 70 68,olgachernova@example.net
256,Ларионова Синклитикия Васильевна,6143,795612,"РАО «Сидорова, Щербаков и Сазонова»","клх Тырныауз, наб. Владимирская, д. 397 стр. 22, 285067",8 251 538 14 47,kapiton30@example.net
257,Карпова Екатерина Константиновна,3041,854717,Мишлен (Michelin),"д. Сузун, наб. Лесная, д. 6/5, 105265",+7 167 318 8261,averjan1980@example.net
258,Рюрик Тихонович Давыдов,5920,631756,ИП «Гордеев-Константинова»,"г. Санкт-Петербург, ш. Октября, д. 62 стр. 1/6, 134026",8 502 374 16 78,elena2018@example.org
259,Нифонт Юлианович Владимиров,6067,799287,Новотранс,"г. Анива, алл. Чайковского, д. 630, 906744",8 (163) 928-23-41,kira36@example.org
260,Варфоломей Юлианович Костин,7691,442027,АО «Гурьева Ершова»,"г. Дагомыс, ул. Бульварная, д. 72 к. 293, 668433",8 670 860 4145,mili63@example.com
261,Евгения Аскольдовна Смирнова,7592,831076,ООО «Копылова»,"к. Солнечногорск, пер. Сельский, д. 3/5 к. 6/6, 110825",8 598 953 4396,belozerovvatslav@example.org
262,Елисеева Варвара Аскольдовна,5844,681343,Кондратьева Лимитед,"клх Светлогорск (Калин.), ул. Кутузова, д. 8, 820236",8 (485) 571-6176,sila_2023@example.org
263,Егоров Владислав Ермолаевич,3085,301158,ЗАО «Ильин»,"с. Тымовское, ул. Мелиоративная, д. 9/7 стр. 7/5, 202939",+7 878 844 3448,romanovzahar@example.org
264,Калинина Алина Вениаминовна,7888,797229,АО «Потапов-Мамонтова»,"ст. Касимов, ул. Молодежная, д. 6 стр. 2, 269450",+7 534 240 8916,jaroslav98@example.org
265,Елена Леонидовна Федотова,7211,810219,ЗАО «Боброва Кабанова»,"с. Кирово-Чепецк, бул. Блюхера, д. 3 стр. 2/8, 722397",+7 (404) 226-93-12,kotovinnokenti@example.com
266,Милица Болеславовна Владимирова,3851,745414,Егоров Лимитед,"с. Оренбург, ул. Полевая, д. 223, 290018",8 132 797 2457,zinaidapavlova@example.net
267,Исаева София Васильевна,5930,525800,ОАО «Беляев»,"г. Тихорецк, алл. Молодежная, д. 40 к. 7/3, 436172",+7 314 519 51 51,eliseevaviktorija@example.org
268,Марк Гавриилович Ларионов,9977,974224,"АО «Корнилова, Ефимова и Афанасьева»","к. Воркута, пр. Жукова, д. 2 к. 622, 677119",8 421 522 65 57,ssilin@example.com
269,Калашникова Лора Валентиновна,1006,418635,Башкирская содовая компания,"д. Талдом, пер. 8-е Марта, д. 26 стр. 9/4, 350305",8 (721) 055-2472,pantelemon_1986@example.org
270,Анастасия Валентиновна Ковалева,5700,320392,Пепсико холдингс,"клх Ржев, ул. Веселая, д. 379 к. 325, 310962",+7 (728) 476-57-04,stepanovaristarh@example.net
271,Ситников Дементий Юлианович,8043,923927,РАО «Вишняков Пахомова»,"д. Красноярск, пер. Фрунзе, д. 36 стр. 2, 236903",8 289 177 56 62,braginamargarita@example.net
272,Касьян Борисович Орлов,6279,587575,ИП «Данилова»,"п. Лесной (Сверд.), пер. Загородный, д. 139, 383034",+7 990 970 05 14,efimovaija@example.com
273,Веселова Марфа Матвеевна,8238,563638,ООО «Давыдова Григорьев»,"клх Теберда, пер. Кавказский, д. 896, 422711",+7 (322) 889-8572,kornil_59@example.com
274,Кулаков Никанор Демидович,4501,636004,ЗАО «Фролова Алексеев»,"г. Амдерма, ш. Некрасова, д. 871, 242149",8 511 274 7472,litkinfilaret@example.com
275,Гордеев Конон Трифонович,8752,932291,"ОАО «Белоусова, Гордеева и Блинова»","к. Тобольск, наб. Королева, д. 868 стр. 1, 380214",8 296 136 71 57,anastasija2006@example.com
276,Королев Велимир Тихонович,3780,790855,"АО «Брагин, Прохоров и Титов»","д. Ступино, бул. Металлургов, д. 147, 723590",86056730306,ippolit21@example.org
277,Маслов Болеслав Ефимович,2389,397571,Втормет,"клх Кропоткин (Краснод.), ш. Трактовое, д. 565, 356778",+7 (659) 608-93-19,lidijaharitonova@example.net
278,Зиновьева Лариса Андреевна,9445,796101,НПО «Рожкова Анисимов»,"г. Плесецк, пер. Школьный, д. 3/8 к. 403, 829635",+7 (390) 550-4481,anna2001@example.com
279,Милован Федотович Галкин,6491,197923,РАО «Шашкова-Казаков»,"к. Ижевск, пер. Тополиный, д. 7/5 стр. 5/2, 110961",8 (981) 789-04-63,radovanzhdanov@example.com
280,Гордеев Рюрик Валерьевич,4848,805477,ОАО «Якушева-Гущин»,"г. Озеры, пер. Дальневосточный, д. 5, 630600",+7 258 955 2963,nikifor_1983@example.net
281,Никонова Алла Филипповна,6085,335552,"АО «Мясникова, Анисимова и Гуляев»","к. Томпа, пр. Камский, д. 228, 482531",+7 060 920 98 19,vvasilev@example.net
282,Панов Мирон Гаврилович,4262,254511,ООО «Зыкова Зуев»,"д. Кострома, ш. Циолковского, д. 1 стр. 2, 091179",+7 124 421 17 53,fmedvedev@example.org
283,Севастьян Артемьевич Никитин,1400,148458,ГК Автодилерство,"клх Североуральск, алл. Победы, д. 129, 557998",+7 284 139 0808,sinklitikija_1980@example.org
284,Валерия Даниловна Новикова,5011,598216,АО «Быков-Сергеев»,"к. Старая Русса, ул. Тельмана, д. 8, 686342",+7 (461) 994-2376,panfil2010@example.net
285,Лучезар Борисович Кошелев,2193,577538,"НПО «Власов, Яковлева и Крюков»","с. Зарайск, пер. Прудный, д. 5/9, 601256",+7 (531) 355-25-10,zinaida_05@example.org
286,Любим Даниилович Шилов,7790,760356,НПО «Ермаков»,"г. Ухта, бул. Линейный, д. 7/6 к. 4, 077046",+7 172 959 63 90,adam90@example.com
287,Олимпий Алексеевич Самсонов,4185,853240,Самойлова Лтд,"клх Амурск, пр. Кубанский, д. 5/5, 561857",80647715910,anisimsharapov@example.org
288,Марков Поликарп Давидович,7291,618392,РАО «Щербаков Воронова»,"клх Беломорск, ш. Московское, д. 204 к. 6, 422971",+7 (529) 671-88-39,vera2003@example.com
289,Святополк Давидович Тарасов,7547,355836,ОАО «Капустин-Третьякова»,"д. Королев, бул. Высокий, д. 117 стр. 40, 637153",88854728123,nikandr_79@example.net
290,Власов Евгений Арсеньевич,3417,787926,НПО «Суханов-Афанасьева»,"п. Славгород, бул. Рябиновый, д. 80, 407875",+71815632686,marian_1973@example.com
291,Валерьян Анисимович Кулагин,1090,887443,"ООО «Бобылева, Сазонов и Колесников»","с. Игнашино, наб. Журавлева, д. 2/1 стр. 41, 009431",8 (143) 966-6134,elise1981@example.org
292,Константин Ермилович Гурьев,2746,916232,РАО «Фомин»,"ст. Коломна, наб. Ленинская, д. 62, 207650",+7 (412) 095-79-07,savvamakarov@example.org
293,Татьяна Кирилловна Щукина,7965,329471,ЗАО «Новикова Миронов»,"г. Междуреченский, наб. Докучаева, д. 6/9 стр. 8, 570545",8 (971) 480-2632,serge_03@example.net
294,Турова Нина Михайловна,3881,943170,ООО «Борисов Колесников»,"к. Ялуторовск, пер. Химиков, д. 64 стр. 7, 443098",8 916 795 4107,oktjabrinafedoseeva@example.org
295,Калинина Юлия Федоровна,9486,587115,Eurasia Drilling Company,"к. Бодайбо, ул. Просвещения, д. 234 к. 174, 500425",+78821423691,efim07@example.com
296,Никандр Федосьевич Власов,1822,684482,ИП «Князева»,"п. Фатеж, бул. Энергетиков, д. 53 к. 96, 441497",8 (266) 128-7585,mina1999@example.com
297,Остап Фомич Новиков,5082,989545,Зайцев Групп,"д. Махачкала, пер. Королева, д. 99, 062607",8 (701) 041-5914,zoja1992@example.org
298,Логинов Сократ Антипович,2988,578634,Шелл Нефть (Shell),"п. Кизилюрт, бул. Поселковый, д. 5 стр. 479, 102918",+7 331 708 76 01,onufri72@example.org
299,София Захаровна Бирюкова,3184,940346,Блинова Групп,"п. Апатиты, алл. Слободская, д. 98, 774419",8 (546) 617-66-20,ratmir19@example.com
300,Антонов Ананий Феофанович,8612,800005,ИП «Блохина»,"клх Серпухов, ул. Аэродромная, д. 9 к. 95, 812259",8 724 461 7679,uljanarogova@example.net
